{"TimeStamp":"Thu Apr 18 06:06:40 2024\n","Circuits":{"ExitCode":"0","TraceCount":"1","Mode":"SPICE","Type":"TIRestricted","Models":[{"ModelName":"CMOSN","FileName":"c:\\eeo\\eeo-311\\simulation\\s-2\\_spice\\ese311models.lib","ModelType":".model","DeviceType":"m","Source":"FROM_INC","isLibSigned":"false","isAllowed":"false"},{"ModelName":"CMOSP","FileName":"c:\\eeo\\eeo-311\\simulation\\s-2\\_spice\\ese311models.lib","ModelType":".model","DeviceType":"m","Source":"FROM_INC","isLibSigned":"false","isAllowed":"false"}]}}