{"TimeStamp":"Tue Apr 16 19:57:05 2024\n","Circuits":{"ExitCode":"0","TraceCount":"65","Mode":"SPICE","Type":"TIFullMode","Models":[{"ModelName":"MbreakP","FileName":"c:\\cds_spb_home\\cdssetup\\psptilibdir\\tps22916b_trans.lib","ModelType":".model","DeviceType":"m","Source":"FROM_INC","isLibSigned":"true","isAllowed":"true"},{"ModelName":"MbreakN","FileName":"c:\\cds_spb_home\\cdssetup\\psptilibdir\\tps3800.lib","ModelType":".model","DeviceType":"m","Source":"FROM_INC","isLibSigned":"true","isAllowed":"true"}]}}